frame,visible,x,y,width,height,video
0,1,1187.0,570.0,1280,1024,video2.avi
5,1,1189.0,568.0,1280,1024,video2.avi
10,1,1189.0,571.0,1280,1024,video2.avi
15,1,1189.0,571.0,1280,1024,video2.avi
20,1,1189.0,571.0,1280,1024,video2.avi
25,1,1189.0,571.0,1280,1024,video2.avi
30,1,1189.0,571.0,1280,1024,video2.avi
35,1,1189.0,571.0,1280,1024,video2.avi
40,1,1189.0,571.0,1280,1024,video2.avi
45,1,1189.0,571.0,1280,1024,video2.avi
50,1,1189.0,571.0,1280,1024,video2.avi
55,1,1189.0,571.0,1280,1024,video2.avi
60,1,1189.0,571.0,1280,1024,video2.avi
65,1,1189.0,571.0,1280,1024,video2.avi
70,1,1189.0,571.0,1280,1024,video2.avi
75,1,1189.0,571.0,1280,1024,video2.avi
80,1,1189.0,571.0,1280,1024,video2.avi
85,1,1189.0,571.0,1280,1024,video2.avi
90,1,1189.0,571.0,1280,1024,video2.avi
95,1,1189.0,571.0,1280,1024,video2.avi
100,1,1189.0,571.0,1280,1024,video2.avi
105,1,1189.0,571.0,1280,1024,video2.avi
110,1,1189.0,571.0,1280,1024,video2.avi
115,1,1189.0,571.0,1280,1024,video2.avi
120,1,1189.0,571.0,1280,1024,video2.avi
125,1,1189.0,571.0,1280,1024,video2.avi
130,1,1222.0,567.0,1280,1024,video2.avi
135,1,1258.0,609.0,1280,1024,video2.avi
135,1,1041,564,1280,1024,video2.avi
140,1,1172.0,616.0,1280,1024,video2.avi
145,1,1092.0,611.0,1280,1024,video2.avi
150,1,1249.0,580.0,1280,1024,video2.avi
155,1,1181.0,589.0,1280,1024,video2.avi
160,1,1129.0,576.0,1280,1024,video2.avi
165,1,1263.0,625.0,1280,1024,video2.avi
170,1,1254.0,625.0,1280,1024,video2.avi
175,1,1109.0,619.0,1280,1024,video2.avi
180,1,1063.0,609.0,1280,1024,video2.avi
185,1,1241.0,608.0,1280,1024,video2.avi
190,1,1156.0,602.0,1280,1024,video2.avi
195,1,1156.0,602.0,1280,1024,video2.avi
200,0,,,1280,1024,video2.avi
205,1,1267.0,656.0,1280,1024,video2.avi
210,1,1140.0,641.0,1280,1024,video2.avi
215,1,1147.0,644.0,1280,1024,video2.avi
220,1,1098.0,630.0,1280,1024,video2.avi
225,1,1233.0,628.0,1280,1024,video2.avi
230,1,1189.0,624.0,1280,1024,video2.avi
235,1,1242.0,630.0,1280,1024,video2.avi
240,1,1214.0,665.0,1280,1024,video2.avi
245,1,1261.0,634.0,1280,1024,video2.avi
250,1,1125.0,635.0,1280,1024,video2.avi
255,0,,,1280,1024,video2.avi
260,1,1270.0,643.0,1280,1024,video2.avi
265,1,1156.0,608.0,1280,1024,video2.avi
270,1,1149.0,599.0,1280,1024,video2.avi
275,1,1149.0,599.0,1280,1024,video2.avi
280,0,,,1280,1024,video2.avi
285,1,1158.0,597.0,1280,1024,video2.avi
290,1,1141.0,589.0,1280,1024,video2.avi
295,1,1070.0,551.0,1280,1024,video2.avi
300,1,1129.0,545.0,1280,1024,video2.avi
305,1,998.0,485.0,1280,1024,video2.avi
310,1,897.0,437.0,1280,1024,video2.avi
315,1,881.0,394.0,1280,1024,video2.avi
320,1,885.0,368.0,1280,1024,video2.avi
325,1,891.0,367.0,1280,1024,video2.avi
330,1,880.0,377.0,1280,1024,video2.avi
335,1,875.0,412.0,1280,1024,video2.avi
340,1,865.0,463.0,1280,1024,video2.avi
345,1,866.0,523.0,1280,1024,video2.avi
350,1,859.0,599.0,1280,1024,video2.avi
355,1,849.0,688.0,1280,1024,video2.avi
360,1,851.0,700.0,1280,1024,video2.avi
365,1,919.0,631.0,1280,1024,video2.avi
370,1,923.0,554.0,1280,1024,video2.avi
375,1,925.0,488.0,1280,1024,video2.avi
380,1,926.0,432.0,1280,1024,video2.avi
385,1,959.0,410.0,1280,1024,video2.avi
385,1,826,374,1280,1024,video2.avi
390,1,887.0,377.0,1280,1024,video2.avi
395,1,936.0,384.0,1280,1024,video2.avi
400,1,936.0,378.0,1280,1024,video2.avi
405,1,1025.0,377.0,1280,1024,video2.avi
410,1,1054.0,378.0,1280,1024,video2.avi
415,1,920.0,383.0,1280,1024,video2.avi
420,1,680.0,393.0,1280,1024,video2.avi
425,1,486.0,389.0,1280,1024,video2.avi
430,1,453.0,391.0,1280,1024,video2.avi
435,1,593.0,394.0,1280,1024,video2.avi
440,1,843.0,396.0,1280,1024,video2.avi
445,1,1058.0,391.0,1280,1024,video2.avi
450,1,1099.0,389.0,1280,1024,video2.avi
455,1,977.0,389.0,1280,1024,video2.avi
460,1,744.0,394.0,1280,1024,video2.avi
465,1,485.0,402.0,1280,1024,video2.avi
470,1,371.0,403.0,1280,1024,video2.avi
475,1,432.0,402.0,1280,1024,video2.avi
480,1,638.0,405.0,1280,1024,video2.avi
485,1,899.0,396.0,1280,1024,video2.avi
490,1,977.0,397.0,1280,1024,video2.avi
495,1,977.0,399.0,1280,1024,video2.avi
500,1,958.0,397.0,1280,1024,video2.avi
505,1,947.0,394.0,1280,1024,video2.avi
510,1,985.0,422.0,1280,1024,video2.avi
510,1,841,387,1280,1024,video2.avi
515,1,898.0,422.0,1280,1024,video2.avi
520,1,887.0,421.0,1280,1024,video2.avi
525,1,978.0,402.0,1280,1024,video2.avi
530,1,956.0,403.0,1280,1024,video2.avi
535,1,882.0,405.0,1280,1024,video2.avi
540,1,852.0,399.0,1280,1024,video2.avi
540,1,1001,427,1280,1024,video2.avi
545,1,950.0,431.0,1280,1024,video2.avi
550,1,887.0,425.0,1280,1024,video2.avi
555,1,989.0,408.0,1280,1024,video2.avi
560,1,880.0,406.0,1280,1024,video2.avi
560,1,1024,425,1280,1024,video2.avi
565,1,991.0,434.0,1280,1024,video2.avi
570,1,947.0,434.0,1280,1024,video2.avi
575,1,880.0,432.0,1280,1024,video2.avi
580,1,1009.0,406.0,1280,1024,video2.avi
585,1,950.0,413.0,1280,1024,video2.avi
590,1,936.0,416.0,1280,1024,video2.avi
595,1,876.0,412.0,1280,1024,video2.avi
600,1,1007.0,440.0,1280,1024,video2.avi
605,1,983.0,444.0,1280,1024,video2.avi
610,1,935.0,443.0,1280,1024,video2.avi
615,1,881.0,435.0,1280,1024,video2.avi
620,1,866.0,440.0,1280,1024,video2.avi
620,1,1019,416,1280,1024,video2.avi
625,1,940.0,450.0,1280,1024,video2.avi
630,1,942.0,425.0,1280,1024,video2.avi
635,1,1022.0,419.0,1280,1024,video2.avi
640,1,928.0,418.0,1280,1024,video2.avi
645,1,939.0,418.0,1280,1024,video2.avi
650,1,1013.0,427.0,1280,1024,video2.avi
655,1,1052.0,421.0,1280,1024,video2.avi
660,1,927.0,422.0,1280,1024,video2.avi
665,1,1026.0,424.0,1280,1024,video2.avi
670,1,1014.0,457.0,1280,1024,video2.avi
675,1,1038.0,428.0,1280,1024,video2.avi
680,1,1052.0,425.0,1280,1024,video2.avi
685,1,925.0,448.0,1280,1024,video2.avi
685,1,1079,418,1280,1024,video2.avi
690,1,933.0,450.0,1280,1024,video2.avi
695,1,849.0,463.0,1280,1024,video2.avi
695,1,1007,432,1280,1024,video2.avi
700,1,685.0,505.0,1280,1024,video2.avi
705,1,466.0,564.0,1280,1024,video2.avi
710,1,439.0,584.0,1280,1024,video2.avi
710,1,217,624,1280,1024,video2.avi
715,1,192.0,663.0,1280,1024,video2.avi
720,1,266.0,659.0,1280,1024,video2.avi
725,1,369.0,643.0,1280,1024,video2.avi
730,1,164.0,615.0,1280,1024,video2.avi
735,1,148.0,615.0,1280,1024,video2.avi
740,1,356.0,653.0,1280,1024,video2.avi
740,1,127,608,1280,1024,video2.avi
745,1,230.0,624.0,1280,1024,video2.avi
750,1,286.0,612.0,1280,1024,video2.avi
755,1,412.0,606.0,1280,1024,video2.avi
760,1,639.0,586.0,1280,1024,video2.avi
765,1,638.0,586.0,1280,1024,video2.avi
770,1,638.0,590.0,1280,1024,video2.avi
775,1,836.0,603.0,1280,1024,video2.avi
780,1,965.0,609.0,1280,1024,video2.avi
785,1,1136.0,663.0,1280,1024,video2.avi
790,1,1013.0,647.0,1280,1024,video2.avi
795,1,1132.0,625.0,1280,1024,video2.avi
800,1,1134.0,625.0,1280,1024,video2.avi
805,1,978.0,616.0,1280,1024,video2.avi
810,1,631.0,600.0,1280,1024,video2.avi
815,1,422.0,587.0,1280,1024,video2.avi
820,1,480.0,592.0,1280,1024,video2.avi
825,1,761.0,606.0,1280,1024,video2.avi
830,1,1162.0,625.0,1280,1024,video2.avi
835,0,,,1280,1024,video2.avi
840,0,,,1280,1024,video2.avi
845,1,1015.0,612.0,1280,1024,video2.avi
850,1,614.0,593.0,1280,1024,video2.avi
855,1,315.0,580.0,1280,1024,video2.avi
860,1,282.0,581.0,1280,1024,video2.avi
865,1,452.0,587.0,1280,1024,video2.avi
870,1,827.0,602.0,1280,1024,video2.avi
875,1,1266.0,622.0,1280,1024,video2.avi
880,0,,,1280,1024,video2.avi
885,0,,,1280,1024,video2.avi
890,1,1249.0,619.0,1280,1024,video2.avi
895,1,820.0,602.0,1280,1024,video2.avi
900,1,481.0,583.0,1280,1024,video2.avi
905,1,397.0,586.0,1280,1024,video2.avi
910,1,498.0,619.0,1280,1024,video2.avi
915,1,349.0,618.0,1280,1024,video2.avi
920,1,443.0,587.0,1280,1024,video2.avi
925,1,554.0,612.0,1280,1024,video2.avi
925,1,337,574,1280,1024,video2.avi
930,1,349.0,583.0,1280,1024,video2.avi
935,1,403.0,586.0,1280,1024,video2.avi
940,1,546.0,580.0,1280,1024,video2.avi
940,1,329,611,1280,1024,video2.avi
945,1,411.0,622.0,1280,1024,video2.avi
950,1,459.0,584.0,1280,1024,video2.avi
955,1,563.0,514.0,1280,1024,video2.avi
960,1,651.0,453.0,1280,1024,video2.avi
965,1,631.0,380.0,1280,1024,video2.avi
970,1,625.0,355.0,1280,1024,video2.avi
975,1,565.0,351.0,1280,1024,video2.avi
980,1,496.0,349.0,1280,1024,video2.avi
980,1,368,372,1280,1024,video2.avi
985,1,435.0,377.0,1280,1024,video2.avi
990,1,469.0,380.0,1280,1024,video2.avi
995,1,471.0,378.0,1280,1024,video2.avi
1000,1,499.0,396.0,1280,1024,video2.avi
1005,1,580.0,434.0,1280,1024,video2.avi
1010,1,692.0,488.0,1280,1024,video2.avi
1015,1,672.0,551.0,1280,1024,video2.avi
1020,1,768.0,562.0,1280,1024,video2.avi
1025,1,734.0,595.0,1280,1024,video2.avi
1030,1,717.0,593.0,1280,1024,video2.avi
1035,1,717.0,596.0,1280,1024,video2.avi
1040,1,712.0,593.0,1280,1024,video2.avi
1045,1,716.0,589.0,1280,1024,video2.avi
1045,1,492,621,1280,1024,video2.avi
1050,1,718.0,592.0,1280,1024,video2.avi
1055,1,718.0,592.0,1280,1024,video2.avi
1060,1,718.0,597.0,1280,1024,video2.avi
1065,1,712.0,595.0,1280,1024,video2.avi
1070,1,717.0,595.0,1280,1024,video2.avi
1075,1,490.0,624.0,1280,1024,video2.avi
1075,1,716,596,1280,1024,video2.avi
1080,1,715.0,595.0,1280,1024,video2.avi
1080,1,490,625,1280,1024,video2.avi
1085,1,713.0,593.0,1280,1024,video2.avi
1085,1,490,622,1280,1024,video2.avi
