truth_mm,id,side_mm,dist_mm,depth_mm,reproj_px
297.0,2,170.0,322.1,310.3,0.258
297.0,2,170.0,322.1,310.3,0.258
297.0,2,170.0,322.1,310.3,0.258
297.0,2,170.0,322.1,310.3,0.258
297.0,2,170.0,322.1,310.3,0.258
297.0,2,170.0,322.1,310.3,0.258
297.0,2,170.0,322.1,310.3,0.258
297.0,2,170.0,322.1,310.3,0.258
297.0,2,170.0,322.1,310.3,0.258
297.0,2,170.0,322.1,310.3,0.258
297.0,2,170.0,322.1,310.3,0.258
297.0,2,170.0,322.1,310.3,0.258
297.0,2,170.0,322.1,310.3,0.258
297.0,2,170.0,322.9,311.1,0.627
297.0,2,170.0,322.9,311.1,0.627
297.0,2,170.0,322.9,311.1,0.627
297.0,2,170.0,322.9,311.1,0.627
297.0,2,170.0,322.9,311.1,0.627
297.0,2,170.0,322.9,311.1,0.627
297.0,2,170.0,322.9,311.1,0.627
297.0,2,170.0,322.9,311.1,0.627
297.0,2,170.0,322.9,311.1,0.627
297.0,2,170.0,322.9,311.1,0.627
297.0,2,170.0,322.9,311.1,0.627
297.0,2,170.0,322.9,311.1,0.627
297.0,2,170.0,322.1,310.3,0.258
297.0,2,170.0,322.1,310.3,0.258
297.0,2,170.0,322.1,310.3,0.258
297.0,2,170.0,322.1,310.3,0.258
297.0,2,170.0,322.1,310.3,0.258
297.0,2,170.0,322.1,310.3,0.258
297.0,2,170.0,322.1,310.3,0.258
297.0,2,170.0,322.1,310.3,0.258
297.0,2,170.0,322.1,310.3,0.258
297.0,2,170.0,322.1,310.3,0.258
297.0,2,170.0,322.1,310.3,0.258
297.0,2,170.0,322.1,310.3,0.258
297.0,2,170.0,321.3,309.4,0.432
297.0,2,170.0,321.3,309.4,0.432
297.0,2,170.0,322.9,311.1,0.627
594.0,2,170.0,619.7,612.8,0.569
594.0,2,170.0,619.7,612.8,0.569
594.0,2,170.0,619.7,612.8,0.569
594.0,2,170.0,619.7,612.8,0.569
594.0,2,170.0,619.2,612.5,0.223
594.0,2,170.0,619.2,612.5,0.223
594.0,2,170.0,619.2,612.5,0.223
594.0,2,170.0,619.2,612.5,0.223
594.0,2,170.0,619.2,612.5,0.223
594.0,2,170.0,619.2,612.5,0.223
594.0,2,170.0,619.2,612.5,0.223
594.0,2,170.0,619.2,612.5,0.223
594.0,2,170.0,619.7,612.8,0.569
594.0,2,170.0,619.7,612.8,0.569
594.0,2,170.0,619.7,612.8,0.569
594.0,2,170.0,619.7,612.8,0.569
594.0,2,170.0,619.7,612.8,0.569
594.0,2,170.0,619.7,612.8,0.569
594.0,2,170.0,619.2,612.5,0.223
594.0,2,170.0,619.2,612.5,0.223
594.0,2,170.0,619.2,612.5,0.223
594.0,2,170.0,619.2,612.5,0.223
594.0,2,170.0,619.7,612.8,0.569
594.0,2,170.0,619.7,612.8,0.569
594.0,2,170.0,619.7,612.8,0.569
594.0,2,170.0,619.7,612.8,0.569
594.0,2,170.0,619.2,612.5,0.223
594.0,2,170.0,619.2,612.5,0.223
594.0,2,170.0,619.2,612.5,0.223
594.0,2,170.0,619.2,612.5,0.223
594.0,2,170.0,619.2,612.5,0.223
594.0,2,170.0,619.2,612.5,0.223
594.0,2,170.0,619.2,612.5,0.223
594.0,2,170.0,619.2,612.5,0.223
594.0,2,170.0,619.2,612.5,0.223
594.0,2,170.0,619.2,612.5,0.223
594.0,2,170.0,619.2,612.5,0.223
594.0,2,170.0,619.2,612.5,0.223
594.0,2,170.0,619.7,612.8,0.569
594.0,2,170.0,619.7,612.8,0.569
891.0,2,170.0,930.1,923.9,0.314
891.0,2,170.0,930.1,923.9,0.314
891.0,2,170.0,930.1,923.9,0.314
891.0,2,170.0,930.1,923.9,0.314
891.0,2,170.0,931.0,924.8,0.148
891.0,2,170.0,931.0,924.8,0.148
891.0,2,170.0,931.0,924.8,0.148
891.0,2,170.0,931.0,924.8,0.148
891.0,2,170.0,931.0,924.8,0.148
891.0,2,170.0,933.0,926.9,0.237
891.0,2,170.0,933.0,926.9,0.237
891.0,2,170.0,933.0,926.9,0.237
891.0,2,170.0,933.0,926.9,0.237
891.0,2,170.0,933.0,926.9,0.237
891.0,2,170.0,933.0,926.9,0.237
891.0,2,170.0,933.0,926.9,0.237
891.0,2,170.0,930.8,924.8,0.216
891.0,2,170.0,930.8,924.8,0.216
891.0,2,170.0,930.8,924.8,0.216
891.0,2,170.0,930.8,924.8,0.216
891.0,2,170.0,930.8,924.8,0.216
891.0,2,170.0,930.8,924.8,0.216
891.0,2,170.0,930.8,924.8,0.216
891.0,2,170.0,930.8,924.8,0.216
891.0,2,170.0,930.8,924.8,0.216
891.0,2,170.0,930.8,924.8,0.216
891.0,2,170.0,930.8,924.8,0.216
891.0,2,170.0,930.8,924.8,0.216
891.0,2,170.0,930.8,924.8,0.216
891.0,2,170.0,930.8,924.8,0.216
891.0,2,170.0,930.8,924.8,0.216
891.0,2,170.0,930.8,924.8,0.216
891.0,2,170.0,930.8,924.8,0.216
891.0,2,170.0,930.8,924.8,0.216
891.0,2,170.0,930.8,924.8,0.216
891.0,2,170.0,930.8,924.8,0.216
891.0,2,170.0,930.8,924.8,0.216
891.0,2,170.0,930.8,924.8,0.216
891.0,2,170.0,930.8,924.8,0.216
891.0,2,170.0,930.8,924.8,0.216
1188.0,2,170.0,1246.9,1239.9,0.122
1188.0,2,170.0,1246.9,1239.9,0.122
1188.0,2,170.0,1246.9,1239.9,0.122
1188.0,2,170.0,1246.9,1239.9,0.122
1188.0,2,170.0,1246.9,1239.9,0.122
1188.0,2,170.0,1246.9,1239.9,0.122
1188.0,2,170.0,1246.9,1239.9,0.122
1188.0,2,170.0,1246.9,1239.9,0.122
1188.0,2,170.0,1246.9,1239.9,0.122
1188.0,2,170.0,1246.9,1239.9,0.122
1188.0,2,170.0,1246.9,1239.9,0.122
1188.0,2,170.0,1246.9,1239.9,0.122
1188.0,2,170.0,1246.9,1239.9,0.122
1188.0,2,170.0,1246.9,1239.9,0.122
1188.0,2,170.0,1246.9,1239.9,0.122
1188.0,2,170.0,1246.9,1239.9,0.122
1188.0,2,170.0,1246.9,1239.9,0.122
1188.0,2,170.0,1246.9,1239.9,0.122
1188.0,2,170.0,1246.9,1239.9,0.122
1188.0,2,170.0,1246.9,1239.9,0.122
1188.0,2,170.0,1246.9,1239.9,0.122
1188.0,2,170.0,1246.9,1239.9,0.122
1188.0,2,170.0,1246.9,1239.9,0.122
1188.0,2,170.0,1246.9,1239.9,0.122
1188.0,2,170.0,1246.9,1239.9,0.122
1188.0,2,170.0,1246.9,1239.9,0.122
1188.0,2,170.0,1246.9,1239.9,0.122
1188.0,2,170.0,1246.9,1239.9,0.122
1188.0,2,170.0,1246.9,1239.9,0.122
1188.0,2,170.0,1246.9,1239.9,0.122
1188.0,2,170.0,1246.9,1239.9,0.122
1188.0,2,170.0,1246.9,1239.9,0.122
1188.0,2,170.0,1246.9,1239.9,0.122
1188.0,2,170.0,1246.9,1239.9,0.122
1188.0,2,170.0,1246.9,1239.9,0.122
1188.0,2,170.0,1246.9,1239.9,0.122
1188.0,2,170.0,1246.9,1239.9,0.122
1188.0,2,170.0,1246.9,1239.9,0.122
1188.0,2,170.0,1246.9,1239.9,0.122
1188.0,2,170.0,1246.9,1239.9,0.122
